"","municipio","codEstacao","PrecM"
"1","Barras","220120001A",216.921344666
"2","Campo Maior","220220801A",190.982163711
"3","Esperantina","220370101A",188.150831265
