"","municipio","codEstacao","PrecM"
"1","Barras","220120001A",193.878916984
"2","Campo Maior","220220801A",133.788925689
"3","Esperantina","220370101A",213.316445718
